<?xml version='1.0' encoding='UTF-8'?>
<?artifactRepository version='1.1.0'?>
<repository name='file:/home/santirami/MuleStudio/workspace/tiket-connector/target/update-site/ - artifacts' type='org.eclipse.equinox.p2.artifact.repository.simpleRepository' version='1'>
  <properties size='2'>
    <property name='p2.timestamp' value='1384887942746'/>
    <property name='p2.compressed' value='false'/>
  </properties>
  <mappings size='3'>
    <rule filter='(&amp; (classifier=osgi.bundle))' output='${repoUrl}/plugins/${id}_${version}.jar'/>
    <rule filter='(&amp; (classifier=binary))' output='${repoUrl}/binary/${id}_${version}'/>
    <rule filter='(&amp; (classifier=org.eclipse.update.feature))' output='${repoUrl}/features/${id}_${version}.jar'/>
  </mappings>
  <artifacts size='2'>
    <artifact classifier='osgi.bundle' id='org.mule.tooling.ui.contribution.tiket' version='1.0.0.201311191605'>
      <properties size='3'>
        <property name='artifact.size' value='166128'/>
        <property name='download.size' value='166128'/>
        <property name='download.md5' value='5c6e6ad6aa09e54e145dac6f3992ebc0'/>
      </properties>
    </artifact>
    <artifact classifier='org.eclipse.update.feature' id='org.mule.tooling.ui.extension.tiket-connector' version='1.0.0.201311191605'>
      <properties size='4'>
        <property name='artifact.size' value='3954'/>
        <property name='download.size' value='3954'/>
        <property name='download.md5' value='09aae718d6a095a171e43fa2799cdb67'/>
        <property name='download.contentType' value='application/zip'/>
      </properties>
    </artifact>
  </artifacts>
</repository>
