<?xml version='1.0' encoding='UTF-8'?>
<?artifactRepository version='1.1.0'?>
<repository name='file:/home/santirami/MuleStudio/workspace/tiket-connector/target/update-site/ - artifacts' type='org.eclipse.equinox.p2.artifact.repository.simpleRepository' version='1'>
  <properties size='2'>
    <property name='p2.timestamp' value='1384582119431'/>
    <property name='p2.compressed' value='false'/>
  </properties>
  <mappings size='3'>
    <rule filter='(&amp; (classifier=osgi.bundle))' output='${repoUrl}/plugins/${id}_${version}.jar'/>
    <rule filter='(&amp; (classifier=binary))' output='${repoUrl}/binary/${id}_${version}'/>
    <rule filter='(&amp; (classifier=org.eclipse.update.feature))' output='${repoUrl}/features/${id}_${version}.jar'/>
  </mappings>
  <artifacts size='2'>
    <artifact classifier='osgi.bundle' id='org.mule.tooling.ui.contribution.tiket' version='1.0.0.201311160308'>
      <properties size='3'>
        <property name='artifact.size' value='166250'/>
        <property name='download.size' value='166250'/>
        <property name='download.md5' value='9d10486eb5bf00d13e125e31f413d26a'/>
      </properties>
    </artifact>
    <artifact classifier='org.eclipse.update.feature' id='org.mule.tooling.ui.extension.tiket-connector' version='1.0.0.201311160308'>
      <properties size='4'>
        <property name='artifact.size' value='3954'/>
        <property name='download.size' value='3954'/>
        <property name='download.md5' value='8abe5b9326b7dfa8f8699fd0b11d40bf'/>
        <property name='download.contentType' value='application/zip'/>
      </properties>
    </artifact>
  </artifacts>
</repository>
