<?xml version='1.0' encoding='UTF-8'?>
<?artifactRepository version='1.1.0'?>
<repository name='file:/home/santirami/MuleStudio/workspace/expedia-connector/target/update-site/ - artifacts' type='org.eclipse.equinox.p2.artifact.repository.simpleRepository' version='1'>
  <properties size='2'>
    <property name='p2.timestamp' value='1384329657813'/>
    <property name='p2.compressed' value='false'/>
  </properties>
  <mappings size='3'>
    <rule filter='(&amp; (classifier=osgi.bundle))' output='${repoUrl}/plugins/${id}_${version}.jar'/>
    <rule filter='(&amp; (classifier=binary))' output='${repoUrl}/binary/${id}_${version}'/>
    <rule filter='(&amp; (classifier=org.eclipse.update.feature))' output='${repoUrl}/features/${id}_${version}.jar'/>
  </mappings>
  <artifacts size='2'>
    <artifact classifier='osgi.bundle' id='org.mule.tooling.ui.contribution.expediaconnector' version='1.0.0.201311130500'>
      <properties size='3'>
        <property name='artifact.size' value='158529'/>
        <property name='download.size' value='158529'/>
        <property name='download.md5' value='4b5c40fab5263fd0c0b248e685678a99'/>
      </properties>
    </artifact>
    <artifact classifier='org.eclipse.update.feature' id='org.mule.tooling.ui.extension.expedia-connector' version='1.0.0.201311130500'>
      <properties size='4'>
        <property name='artifact.size' value='3955'/>
        <property name='download.size' value='3955'/>
        <property name='download.md5' value='b5b474dd0a0d526dddf39d7bb93901a8'/>
        <property name='download.contentType' value='application/zip'/>
      </properties>
    </artifact>
  </artifacts>
</repository>
